U1620681K,CZ0001,10001,S
U1620681K,CZ1005,10011,S
U1620681K,CZ1006,10031,S
U1620681K,MH1812,10041,S
U1620709D,CZ1005,10012,S
U1620709D,CZ1006,10032,S
U1620709D,MH1812,10041,S
U1621316F,CZ0001,10001,S
U1621316F,CZ1005,10012,S
U1621316F,CZ1006,10030,S
U1621316F,MH1812,10041,S
U1620710G,CZ1005,10011,S
U1620710G,CZ1007,10020,S
U1620710G,CZ1006,10031,S
U1620710G,MH1812,10041,S
U1621874K,CZ1005,10012,S
U1621874K,CZ0001,10001,S
U1621874K,CZ1006,10031,S
U1621874K,MH1812,10041,S
U1621416H,CZ1007,10022,S
U1621416H,CZ1005,10011,S
U1621416H,CZ1006,10031,S
U1621997K,MH1812,10041,S
U1621997K,CZ1007,10020,S
U1621997K,CZ1005,10011,S
U1621997K,CZ1006,10032,S
U1621001A,MH1812,10041,S
U1621001A,CZ1007,10020,S
U1621001A,CZ1005,10011,S
U1621001A,CZ1006,10032,S
U1622013E,MH1812,10041,S
U1622013E,CZ1007,10020,S
U1622013E,CZ1005,10011,S
U1622013E,CZ1006,10032,S
U1622138H,MH1812,10041,S
U1622138H,CZ1007,10020,S
U1622138H,CZ1006,10031,S
U1622138H,CZ1005,10011,S
U1624812K,MH1812,10041,S
U1624812K,CZ0001,10001,S
U1624812K,CZ1005,10011,S
U1624812K,CZ1006,10032,S
U1629712A,MH1812,10041,W
U1629712A,CZ1007,10020,S
U1629712A,CZ1006,10030,S
U1628971B,MH1812,10041,W
U1628971B,CZ0001,10001,S
U1628971B,CZ1006,10031,S
U1628971B,CZ1005,10011,S
U1625448E,MH1812,10041,W
U1625448E,CZ0001,10001,S
U1625448E,CZ1005,10012,S
U1625448E,CZ1006,10030,S
U1626221G,CZ1005,10011,S
U1626221G,MH1812,10040,S
U1626221G,CZ0001,10001,S
U1626221G,CZ1006,10032,S
U1620709D,CZ0001,10001,S
U1626221G,PH1011,20001,S
